trial,testing,parameters,initial_deadline,final_deadline,net_reward,actions,success
1,False,"{'a': 0.5, 'e': 1.0}",35,0,-122.7194255921787,"{0: 23, 1: 5, 2: 5, 3: 0, 4: 2}",0
2,False,"{'a': 0.5, 'e': 1.0}",20,7,-148.01096089212376,"{0: 6, 1: 1, 2: 3, 3: 0, 4: 3}",1
3,False,"{'a': 0.5, 'e': 1.0}",25,0,-34.07101926145647,"{0: 18, 1: 4, 2: 3, 3: 0, 4: 0}",0
4,False,"{'a': 0.5, 'e': 1.0}",20,0,-39.85885972754182,"{0: 15, 1: 1, 2: 3, 3: 1, 4: 0}",0
5,False,"{'a': 0.5, 'e': 1.0}",20,1,-147.28423862407092,"{0: 9, 1: 2, 2: 5, 3: 1, 4: 2}",1
6,False,"{'a': 0.5, 'e': 1.0}",25,0,-173.13860635154563,"{0: 18, 1: 0, 2: 3, 3: 0, 4: 4}",0
7,False,"{'a': 0.5, 'e': 1.0}",20,0,-44.19615598156914,"{0: 17, 1: 0, 2: 2, 3: 0, 4: 1}",0
8,False,"{'a': 0.5, 'e': 1.0}",30,4,-98.5671175155721,"{0: 16, 1: 3, 2: 6, 3: 0, 4: 1}",1
9,False,"{'a': 0.5, 'e': 1.0}",20,0,-98.19308032702034,"{0: 13, 1: 0, 2: 5, 3: 1, 4: 1}",0
